{"cameraMode":{"drawMode":0,"name":"Shaded","section":"Shading Mode"},"sceneLighting":true,"audioPlay":false,"sceneViewState":{"m_AlwaysRefresh":false,"showFog":true,"showSkybox":true,"showFlares":true,"showImageEffects":true,"showParticleSystems":true,"showVisualEffectGraphs":true,"m_FxEnabled":true},"in2DMode":false,"pivot":{"x":0.06398788094520569,"y":0.42345136404037478,"z":1.3340647220611573},"rotation":{"x":-0.07545848935842514,"y":0.9007890224456787,"z":-0.17399607598781587,"w":-0.3906536400318146},"size":2.580324411392212,"orthographic":false}